"ta","math_grade","spanish_grade","better_at_math"
"George Zhang",2.79320789773331,3.97173647808682,FALSE
"Coco Li",3.26485266713742,3.67028769831065,FALSE
"Molly Li",4,3.70653178800384,TRUE
"Yunwei Liang",3.91288933247652,3.82164909374708,TRUE
"YuYu Madigan",3.03240738399117,3.96838635891475,FALSE
"Saurav Sawansukha",3.83958431223384,3.72193478457531,TRUE
"Gavin Sreesangkom",3.74582451046542,3.77733934605134,FALSE
"Yubing Tian",3.79620964288704,4,FALSE
